Date,1M,3M,6M,1Y,2Y,3Y,5Y,7Y,10Y,20Y,30Y
2020-01-01,1.53,1.55,1.56,1.53,1.52,1.52,1.56,1.67,1.76,2.07,2.22
2020-02-01,1.58,1.54,1.51,1.41,1.33,1.31,1.32,1.42,1.5,1.81,1.97
2020-03-01,0.37,0.3,0.3,0.33,0.45,0.5,0.59,0.78,0.87,1.26,1.46
2020-04-01,0.11,0.14,0.17,0.18,0.22,0.28,0.39,0.55,0.66,1.06,1.27
2020-05-01,0.1,0.13,0.15,0.16,0.17,0.22,0.34,0.53,0.67,1.12,1.38
2020-06-01,0.13,0.16,0.18,0.18,0.19,0.22,0.34,0.55,0.73,1.27,1.49
2020-07-01,0.11,0.13,0.14,0.15,0.15,0.17,0.28,0.46,0.62,1.09,1.31
2020-08-01,0.08,0.1,0.12,0.13,0.14,0.16,0.27,0.46,0.65,1.14,1.36
2020-09-01,0.09,0.11,0.12,0.13,0.13,0.16,0.27,0.46,0.68,1.21,1.42
2020-10-01,0.09,0.1,0.11,0.13,0.15,0.19,0.34,0.55,0.79,1.34,1.57
2020-11-01,0.09,0.09,0.1,0.12,0.17,0.22,0.39,0.63,0.87,1.4,1.62
2020-12-01,0.08,0.09,0.09,0.1,0.14,0.19,0.39,0.66,0.93,1.47,1.67
2021-01-01,0.08,0.08,0.09,0.1,0.13,0.2,0.45,0.77,1.08,1.63,1.82
2021-02-01,0.04,0.04,0.06,0.07,0.12,0.21,0.54,0.91,1.26,1.88,2.04
2021-03-01,0.02,0.03,0.05,0.08,0.15,0.32,0.82,1.27,1.61,2.24,2.34
2021-04-01,0.02,0.02,0.04,0.06,0.16,0.35,0.86,1.31,1.64,2.2,2.3
2021-05-01,0.01,0.02,0.04,0.05,0.16,0.32,0.82,1.28,1.62,2.22,2.32
2021-06-01,0.03,0.04,0.05,0.07,0.2,0.39,0.84,1.23,1.52,2.09,2.16
2021-07-01,0.05,0.05,0.05,0.08,0.22,0.4,0.76,1.07,1.32,1.87,1.94
2021-08-01,0.04,0.05,0.06,0.07,0.22,0.42,0.77,1.06,1.28,1.83,1.92
2021-09-01,0.05,0.04,0.05,0.08,0.24,0.47,0.86,1.16,1.37,1.87,1.94
2021-10-01,0.06,0.05,0.06,0.11,0.39,0.67,1.11,1.4,1.58,2.03,2.06
2021-11-01,0.07,0.05,0.07,0.18,0.51,0.82,1.2,1.45,1.56,1.97,1.94
2021-12-01,0.04,0.06,0.15,0.3,0.68,0.95,1.23,1.4,1.47,1.9,1.85
2022-01-01,0.05,0.15,0.33,0.55,0.98,1.25,1.54,1.7,1.76,2.15,2.1
2022-02-01,0.04,0.31,0.64,1.0,1.44,1.65,1.81,1.91,1.93,2.31,2.25
2022-03-01,0.18,0.45,0.86,1.34,1.91,2.09,2.11,2.15,2.13,2.51,2.41
2022-04-01,0.31,0.76,1.26,1.89,2.54,2.72,2.78,2.8,2.75,2.99,2.81
2022-05-01,0.58,0.99,1.49,2.06,2.62,2.79,2.87,2.92,2.9,3.26,3.07
2022-06-01,1.06,1.54,2.17,2.65,3.0,3.15,3.19,3.21,3.14,3.48,3.25
2022-07-01,1.85,2.3,2.87,3.02,3.04,3.03,2.96,2.97,2.9,3.35,3.1
2022-08-01,2.28,2.72,3.15,3.28,3.25,3.23,3.03,2.98,2.9,3.35,3.13
2022-09-01,2.61,3.22,3.71,3.89,3.86,3.88,3.7,3.64,3.52,3.82,3.56
2022-10-01,3.32,3.87,4.31,4.43,4.38,4.38,4.18,4.09,3.98,4.28,4.04
2022-11-01,3.87,4.32,4.61,4.73,4.5,4.34,4.06,3.99,3.89,4.22,4.0
2022-12-01,3.9,4.36,4.71,4.68,4.29,4.05,3.76,3.72,3.62,3.87,3.66
2023-01-01,4.52,4.69,4.8,4.69,4.21,3.91,3.64,3.59,3.53,3.81,3.66
2023-02-01,4.64,4.79,4.97,4.93,4.53,4.23,3.94,3.86,3.75,3.95,3.8
2023-03-01,4.49,4.86,4.99,4.68,4.3,4.09,3.82,3.77,3.66,3.94,3.77
2023-04-01,4.17,5.07,4.99,4.68,4.02,3.76,3.54,3.5,3.46,3.8,3.68
2023-05-01,5.49,5.31,5.27,4.91,4.13,3.82,3.59,3.58,3.57,3.96,3.86
2023-06-01,5.2,5.42,5.42,5.24,4.64,4.27,3.95,3.85,3.75,4.04,3.87
2023-07-01,5.39,5.49,5.53,5.37,4.83,4.47,4.14,4.03,3.9,4.15,3.96
2023-08-01,5.54,5.56,5.54,5.37,4.9,4.59,4.31,4.26,4.17,4.46,4.28
2023-09-01,5.53,5.56,5.51,5.44,5.02,4.74,4.49,4.46,4.38,4.65,4.47
2023-10-01,5.57,5.6,5.57,5.42,5.07,4.89,4.77,4.82,4.8,5.13,4.95
2023-11-01,5.53,5.52,5.44,5.28,4.88,4.64,4.49,4.53,4.5,4.84,4.66
2023-12-01,5.54,5.44,5.34,4.96,4.46,4.19,4.0,4.04,4.02,4.32,4.14
2024-01-01,5.54,5.45,5.21,4.79,4.32,4.11,3.98,4.03,4.06,4.39,4.26
2024-02-01,5.49,5.44,5.28,4.92,4.54,4.33,4.19,4.21,4.21,4.49,4.38
2024-03-01,5.51,5.47,5.36,4.99,4.59,4.38,4.2,4.21,4.21,4.46,4.36
2024-04-01,5.48,5.44,5.38,5.14,4.87,4.71,4.56,4.56,4.54,4.77,4.66
2024-05-01,5.5,5.46,5.42,5.16,4.86,4.66,4.5,4.49,4.48,4.71,4.62
2024-06-01,5.46,5.51,5.37,5.11,4.74,4.5,4.32,4.3,4.31,4.54,4.44
2024-07-01,5.48,5.43,5.25,4.9,4.5,4.29,4.16,4.19,4.25,4.56,4.46
2024-08-01,5.5,5.3,4.96,4.43,3.97,3.79,3.71,3.77,3.87,4.25,4.15
2024-09-01,5.06,4.92,4.55,4.03,3.62,3.51,3.5,3.6,3.72,4.1,4.04
2024-10-01,4.92,4.72,4.44,4.2,3.97,3.9,3.91,3.99,4.1,4.44,4.38
2024-11-01,4.71,4.62,4.43,4.33,4.26,4.21,4.23,4.29,4.36,4.63,4.54
2024-12-01,4.5,4.39,4.32,4.23,4.23,4.22,4.25,4.32,4.39,4.66,4.58
2025-01-01,4.42,4.34,4.26,4.18,4.27,4.33,4.43,4.53,4.63,4.92,4.85
2025-02-01,4.37,4.33,4.3,4.19,4.21,4.22,4.28,4.37,4.45,4.73,4.68
2025-03-01,4.37,4.34,4.27,4.06,3.97,3.96,4.04,4.16,4.28,4.63,4.6
2025-04-01,4.35,4.32,4.2,3.95,3.78,3.78,3.91,4.08,4.28,4.74,4.71
2025-05-01,4.37,4.36,4.3,4.09,3.92,3.9,4.02,4.22,4.42,4.92,4.9
2025-06-01,4.24,4.42,4.3,4.06,3.89,3.86,3.96,4.16,4.38,4.9,4.89
2025-07-01,4.37,4.41,4.31,4.08,3.88,3.84,3.95,4.15,4.39,4.92,4.92
2025-08-01,4.46,4.3,4.11,3.89,3.7,3.67,3.79,4.0,4.26,4.85,4.87
2025-09-01,4.24,4.07,3.84,3.66,3.57,3.55,3.66,3.86,4.12,4.71,4.74
2025-10-01,4.15,3.98,3.79,3.61,3.52,3.53,3.65,3.83,4.06,4.61,4.64
2025-11-01,4.03,3.94,3.78,3.66,3.55,3.56,3.67,3.86,4.09,4.67,4.7
2025-12-01,3.77,3.68,3.63,3.54,3.5,3.55,3.7,3.9,4.14,4.76,4.8
2026-01-01,3.73,3.67,3.59,3.51,3.54,3.61,3.78,3.99,4.21,4.79,4.84
2026-02-01,3.72,3.69,3.6,3.48,3.47,3.52,3.68,3.89,4.13,4.7,4.76
2026-03-01,3.74,3.72,3.72,3.67,3.71,3.73,3.85,4.04,4.25,4.83,4.85
2026-04-01,3.69,3.7,3.72,3.69,3.8,3.82,3.94,4.12,4.32,4.89,4.91
2026-05-01,3.71,3.69,3.77,3.79,4.0,4.04,4.15,4.31,4.48,5.03,5.03
2026-06-01,3.69,3.81,3.87,3.91,4.11,4.15,4.21,4.33,4.47,4.96,4.95
